title,NEW impact,NEW category
Allosteric regulation of the Golgi-localized PPM1H phosphatase by Rab GTPases modulates LRRK2 substrate dephosphorylation in Parkinson’s disease,Elucidating known PD pathways,Clearance
"RAB32 Ser71Arg in autosomal dominant Parkinson's disease: linkage, association, and functional analyses",Elucidating known PD pathways,Clearance
Dopaminergic axons track somatic signaling in behaving mice,Elucidating known PD pathways,Circuitry & Neuromodulation
Astrocytic polyamine transport by ATP13A4 tunes excitatory synaptic transmission,Elucidating known PD pathways,Translational and Clinical Measures of Disease Biology
A molecular atlas of cell-type specific signatures in the parkinsonian striatum,New target/circuit for PD,Methods
Distinct spatially organized striatum-wide acetylcholine dynamics for the learning and extinction of Pavlovian associations,Foundational Biology,Circuitry & Neuromodulation
Defect in hematopoiesis and embryonic lethality at midgestation of Vps13a/Vps13c double knockout mice,Foundational Biology,Clearance
Bridge-like lipid transfer protein 3A (BLTP3A) is associated with membranes of the late endocytic pathway and is an effector of CASM,Elucidating known PD pathways,Clearance
Triglycerides are an important fuel reserve for synapse function in the brain,Foundational Biology,Translational and Clinical Measures of Disease Biology
Repetitive Levodopa Treatment Drives Cell Type-Specific Striatal Adaptations Associated With Progressive Dyskinesia in Parkinsonian Mice,Elucidating known PD pathways,Circuitry & Neuromodulation
GenoTools: an open-source Python package for efficient genotype data quality control and analysis,New method/model to explore PD mechanism,Omics
"Faecalibacterium prausnitzii, depleted in the Parkinson's disease microbiome, improves motor deficits in α-synuclein overexpressing mice",Elucidating known PD pathways,"Gut & Microbiome, Imflammation & Immune Regulation"
Evaluating the performance of polygenic risk profiling across diverse ancestry populations in Parkinson’s disease,New method/model to explore PD mechanism,Omics
Drug Repurposing for Parkinson's Disease: A Large-Scale Multi-Cohort Study,Foundational Biology,PD Risk Factors
LINE-1 retrotransposons drive human neuronal transcriptome complexity and functional diversification,New method/model to explore PD mechanism,Omics
Neither alpha-synuclein fibril strain nor host murine genotype influences seeding efficacy,Elucidating known PD pathways,"Proteinopathy, PD Risk Factors"
Structural basis for Parkinson’s Disease-linked LRRK2’s binding to microtubules,Elucidating known PD pathways,Translational and Clinical Measures of Disease Biology
Activation of transposable elements is linked to a region- and cell-type-specific interferon response in Parkinson’s disease,New target/circuit for PD,Inflammation & Immune Regulation
"AutoMorphoTrack: An Automated Python Package for Organelle Morphology, Motility, and Colocalization Analysis in Live-Cell Imaging",New method/model to explore PD mechanism,Methods
Robust analytical methods for bis(monoacylglycero)phosphate profiling in health and disease,New method/model to explore PD mechanism,Methods
LRRK2G2019S acts as a dominant interfering mutant in the context of iron overload,Elucidating known PD pathways,Clearance
A single Citrobacter rodentium infection in Pink1 knockout and wild type mice leads to regional blood-brain-barrier perturbation and glial activation without dopamine neuron axon terminal loss,Elucidating known PD pathways,Inflammation & Immune Regulation
Lrrk2 G2019S mutation incites increased cell-intrinsic neutrophil effector functions and intestinal inflammation in a model of infectious colitis,New method/model to explore PD mechanism,Inflammation & Immune Regulation
Integrated Representations of Threat and Controllability in the Lateral Frontal Pole,Foundational Biology,Circuitry & Neuromodulation
Structural basis for binding of RILPL1 to TMEM55B reveals a lysosomal platform for adaptor assembly through a conserved TBM motif,Elucidating known PD pathways,Clearance
Neuromodulator control of energy reserves in dopaminergic neurons,Foundational Biology,Circuitry & Neuromodulation
A lipid transfer-dependent feedback loop activates ATG9A compartments in autophagy initiation,Foundational Biology,Clearance
Bidirectional regulation of glycoprotein nonmetastatic melanoma protein B by β-glucocerebrosidase deficiency in GBA1 isogenic dopaminergic neurons from a patient with Gaucher disease and parkinsonism,Elucidating known PD pathways,Clearance
Presynaptic GABAA receptors control integration of nicotinic input onto dopaminergic axons in the striatum,Elucidating known PD pathways,Circuitry & Neuromodulation
Corticonigral projections recruit substantia nigra pars lateralis dopaminergic neurons for auditory threat memories,New target/circuit for PD,Circuitry & Neuromodulation
Autophagic stress activates distinct compensatory secretory pathways in neurons,Elucidating known PD pathways,"Clearance, PD Risk Factors"
Striatal lateral inhibition regulates action selection in a mouse model of levodopa-induced dyskinesia,Elucidating known PD pathways,Circuitry & Neuromodulation
EVscope: A Comprehensive Bioinformatics Pipeline for Accurate and Robust Analysis of 1 Total RNA Sequencing from Extracellular Vesicles,New method/model to explore PD mechanism,Methods
"Aseptic, semi-sealed cranial chamber implants for chronic multi-channel neurochemical and electrophysiological neural recording in nonhuman primates",New method/model to explore PD mechanism,Methods
Microinvasive Probes for Monitoring Electrical and Chemical Neural Activity in Nonhuman Primates,New method/model to explore PD mechanism,Methods
Inflamed Microglia like Macrophages in the Central Nervous System of Prodromal Parkinson′s Disease,Elucidating known PD pathways,"Inflammation & Immune Regulation, Omics"
Characterizing Parkinson's Disease Clinical and Biomarker Interactions in REM Sleep Behavior Disorder,Elucidating known PD pathways,Translational and Clinical Measures of Disease Biology
"Development of a simplified smell test to identify Parkinson’s disease using multiple cohorts, machine learning and item response theory",Elucidating known PD pathways,Methods
Skip Nav Destination Tools|July 30 2025 AI-directed voxel extraction and volume EM identify intrusions as sites of mitochondrial contact,New method/model to explore PD mechanism,Clearance
HyDrop v2: Scalable atlas construction for training sequence-to-function models,New method/model to explore PD mechanism,Omics
CREsted: modeling genomic and synthetic cell type-specific enhancers across tissues and species,Foundational Biology,Omics
The bridge-like lipid transport protein VPS13C/PARK23 mediates ER-lysosome contacts upon lysosome damage,Elucidating known PD pathways,Clearance
Integrative analysis reveals a conserved role for the amyloid precursor protein in proteostasis during aging,Foundational Biology,"PD Risk Factors, Proteinopathy"
"EndoMAP.v1, a Structural Protein Complex Landscape of Human Endosomes",New method/model to explore PD mechanism,Clearance
"PPM1M, a LRRK2-counteracting, phosphoRab12-preferring phosphatase with potential link to Parkinson’s disease",Elucidating known PD pathways,"Clearance, PD Risk Factors"
In situ cryo-ET visualization of mitochondrial depolarization and mitophagic engulfment,Elucidating known PD pathways,Clearance
ATG2A engages Rab1a and ARFGAP1 positive membranes during autophagosome biogenesis,Elucidating known PD pathways,Clearance
Soluble Immune Factor Profiles in Blood and CSF Associated with LRRK2 Mutations and Parkinson's Disease,Elucidating known PD pathways,"Clearance, Inflammation & Immune Regulation"
Transcriptional programs mediating neuronal toxicity and altered glial-neuronal signaling in a Drosophila knock-in tauopathy model,Foundational Biology,Proteinopathy
Postsynaptic adaptations in direct pathway muscarinic M4-receptor signaling follow the temporal and regional pattern of dopaminergic degeneration,New target/circuit for PD,Circuitry & Neuromodulation
Genetically encoded self-assembling synuclein for tunable Parkinsonian pathology in vitro and in vivo,New method/model to explore PD mechanism,"Methods, Proteinopathy"
Network analysis of α-synuclein pathology progression reveals p21-activated kinases as regulators of vulnerability,Elucidating known PD pathways,"Methods, Proteinopathy"
Exploring the relationship between GBA1 host genotype and gut microbiome in the GBA1L444P/WT mouse model: Implications for Parkinson disease pathogenesis,Elucidating known PD pathways,Gut & Microbiome
Severe GBA1 variants drive the GBA-PD clinical phenotype: implications for counselling and clinical trials,Foundational Biology,Clearance
Cholesterol-mediated Lysosomal Dysfunction in APOE4 Astrocytes Promotes α-Synuclein Pathology in Human Brain Tissue,New method/model to explore PD mechanism,"Proteinopathy, Methods"
Specific cell states underlie complex tissue regeneration in spiny mice,Foundational Biology,Inflammation & Immune Regulation
Molecularly-guided spatial proteomics captures single-cell identity and heterogeneity of the nervous system,Foundational Biology,Methods
LINE-1 retrotransposons mediate cis-acting transcriptional control in human pluripotent stem cells and regulate early brain development,Foundational Biology,"PD Risk Factors, Methods"
α-Synuclein aggregates inhibit ESCRT-III through sequestration and collateral degradation,Elucidating known PD pathways,"Proteinopathy, Clearance"
GPNMB is a biomarker for lysosomal dysfunction and is secreted via LRRK2-modulated lysosomal exocytosis,Elucidating known PD pathways,Clearance
Lysosomal Glucocerebrosidase is needed for ciliary Hedgehog signaling: A convergent pathway to Parkinson’s disease,Elucidating known PD pathways,"Clearance, Circuitry & Neuromodulation"
The gut microbiome promotes mitochondrial respiration in the brain of a Parkinson’s disease mouse model,New target/circuit for PD,"Gut & Microbiome, Clearance"
Anxa1+ dopamine neuron vulnerability defines prodromal Parkinson’s disease bradykinesia and procedural motor learning impairment,Elucidating known PD pathways,Circuitry & Neuromodulation
Dopamine and cortical iPSC-derived neurons with different Parkinsonian mutations show variation in lysosomal and mitochondrial dysfunction: implications for protein deposition versus selective cell loss,Elucidating known PD pathways,"Clearance, Methods"
Transgenic A53T mice have astrocytic a-synuclein  aggregates in dopamine and striatal regions,Elucidating known PD pathways,"Methods, Proteinopathy"
Subsecond Analysis of Locomotor Activity in Parkinsonian Mice,Foundational Biology,Methods
The pyrethroid insecticide deltamethrin disrupts neuropeptide and monoamine signaling pathways in the gastrointestinal tract,Foundational Biology,"Gut & Microbiome, Imflammation & Immune Regulation"
The mitochondrial unfolded protein response promotes senescence in human microglia by increasing S-adenosylmethionine availability for polyamine synthesis,Foundational Biology,"Clearance, PD Risk Factors"
Single cell long read whole genome sequencing reveals somatic transposon activity in human brain,New method/model to explore PD mechanism,"Omics, Inflammation & Immune Regulation"
Thalamic integration of basal ganglia and cerebellar circuits during motor learning,Elucidating known PD pathways,Circuitry & Neuromodulation
A Protocol for Neuralized Murine Olfactory Organoids,New method/model to explore PD mechanism,Methods
Structural analyses define the molecular basis of clusterin chaperone function,Elucidating known PD pathways,Proteinopathy
RGS10 Attenuates Systemic Immune Dysregulation Induced by Chronic Inflammatory Stress,New target/circuit for PD,Inflammation & Immune Regulation
Spatial genomics of AAVs reveals mechanism of transcriptional crosstalk that enables targeted delivery of large genetic cargo,Foundational Biology,Omics
Cell-Type Resolved Protein Atlas of Brain Lysosomes Identifies SLC45A1-Associated Disease as a Lysosomal Disorder,New method/model to explore PD mechanism,"Clearance, Methods"
Mitochondrial fission controls astrocyte morphogenesis and organization in the cortex,Foundational Biology,"Clearance, Cellular Subtyping"
Assembloid model to study loop circuits of the human nervous system,New method/model to explore PD mechanism,Methods
DIO-SPOTlight Transgenic Mouse to Functionally Monitor Protein Synthesis Regulated by the Integrated Stress Response,New method/model to explore PD mechanism,"Circuitry & Neuromodulation, Methods"
Baseline α-synuclein seeding activity and disease progression in sporadic and genetic Parkinson's disease in the PPMI cohort,Foundational Biology,Methods
Abnormal hyperactivity of specific striatal ensembles encodes distinct dyskinetic behaviors revealed by high-resolution clustering,Elucidating known PD pathways,Circuitry & Neuromodulation
Endo-IP and Lyso-IP Toolkit for Endolysosomal Profiling of Human-Induced Neurons,New method/model to explore PD mechanism,Clearance
Comparative Analysis of AAV Serotypes for Transduction of Olfactory Sensory Neurons,New method/model to explore PD mechanism,Methods
Presynapses are mitophagy pit stops that prevent axon degeneration,Elucidating known PD pathways,"Clearance, PD Risk Factors"
Progressive vulnerability of cortical synapses in α-synucleinopathy,Elucidating known PD pathways,"Proteinopathy, Circuitry & Neuromodulation"
Parkinson's Families Project: a UK-wide study of early onset and familial Parkinson's disease,Elucidating known PD pathways,Omics
Vibrational Control of Complex Networks,Foundational Biology,Circuitry & Neuromodulation
Temporal control of acute protein aggregate turnover by UBE3C and NRF1-dependent proteasomal pathways,Elucidating known PD pathways,"PD Risk Factors, Proteinopathy"
Movement-related activity in the internal globus pallidus of the parkinsonian macaque,Elucidating known PD pathways,Circuitry & Neuromodulation
Dissociation of putative open loop circuit from ventral putamen to motor cortical areas in humans I: high-resolution connectomics,Elucidating known PD pathways,"Circuitry & Neuromodulation, Methods"
Reconstitution of BNIP3/NIX-mediated autophagy reveals two pathways and hierarchical flexibility of the initiation machinery,Elucidating known PD pathways,Clearance
Cortico-amygdala synaptic structural abnormalities produced by templated aggregation of α-synuclein,Elucidating known PD pathways,"Circuitry & Neuromodulation, Proteinopathy"
Microbiome-based biomarkers to guide personalized microbiome-based therapies for Parkinson’s disease,New target/circuit for PD,"Gut & Microbiome,Translational and Clinical Measures of Disease Biology"
Peripheral Blood Immune Cells from Individuals with Parkinson’s Disease or Inflammatory Bowel Disease Share Deficits in Iron Storage and Transport that are Modulated by Non-Steroidal Anti-Inflammatory Drugs,New method/model to explore PD mechanism,"Inflammation & Immune Regulation, Gut & Microbiome"
Characterizing enteric neurons in dopamine transporter (DAT)-Cre reporter mice reveals dopaminergic subtypes with dual-transmitter content,Elucidating known PD pathways,"Gut & Microbiome, Circuitry & Neuromodulation"
Development and characterization of a non-human primate model of disseminated synucleinopathy,New method/model to explore PD mechanism,"Proteinopathy, Methods"
GEARBOCS: An Adeno Associated Virus Tool for In Vivo Gene Editing in Astrocytes,New method/model to explore PD mechanism,"Methods, Cellular Subtyping"
Experimental and Computational Methods for Allelic Imbalance Analysis from Single-Nucleus RNA-seq Data,New method/model to explore PD mechanism,"Methods, Omics"
Genetically Encoded and Modular SubCellular Organelle Probes (GEM SCOPe) reveal lysosomal and mitochondrial dysfunction driven by PRKN,New method/model to explore PD mechanism,Clearance
"Development of a Simplified Smell Test to Identify Patients with Typical Parkinson’s as Informed by Multiple Cohorts, Machine Learning and External Validation",Elucidating known PD pathways,Methods
Global cellular proteo-lipidomic profiling of diverse lysosomal storage disease mutants using nMOST,New method/model to explore PD mechanism,Clearance
Combinatorial selective ER-phagy remodels the ER during neurogenesis,Foundational Biology,"Clearance, Methods"
Visualizing chaperone-mediated multistep assembly of the human 20S proteasome,Foundational Biology,Proteinopathy
Movement-related increases in subthalamic activity optimize locomotion,New target/circuit for PD,Circuitry & Neuromodulation
Motor Cortical Neuronal Hyperexcitability Associated with α-Synuclein Aggregation,Elucidating known PD pathways,"Circuitry & Neuromodulation, Proteinopathy"
Nigrostriatal tau pathology in parkinsonism and Parkinson’s disease,New target/circuit for PD,"PD Risk Factors, Proteinopathy"
scNAT: a deep learning method for integrating paired single-cell RNA and T cell receptor sequencing profiles,New method/model to explore PD mechanism,Methods
Gut-Initiated Alpha Synuclein Fibrils Drive Parkinson’s Disease Phenotypes: Temporal Mapping of non-Motor Symptoms and REM Sleep Behavior Disorder,Elucidating known PD pathways,Methods
Restoration of striatal neuroprotective pathways by kinase inhibitor treatment of Parkinson’s linked-LRRK2 mutant mice,Elucidating known PD pathways,"Clearance, Circuitry & Neuromodulation"
Pathogenic LRRK2 mutations cause loss of primary cilia and Neurturin in striatal Parvalbumin interneurons,Elucidating known PD pathways,"Clearance, Cellular Subtyping"
A comparative analysis of Parkinson’s disease and inflammatory bowel disease gut microbiomes highlights shared depletions in key butyrate-producing bacteria,New target/circuit for PD,"Gut & Microbiome, Imflammation & Immune Regulation"
Locus coeruleus injury modulates ventral midbrain neuroinflammation during DSS-induced colitis,Elucidating known PD pathways,"Gut & Microbiome, Imflammation & Immune Regulation"
Biochemical Fractionation of Human α-Synuclein in a Drosophila Model of Synucleinopathies,New method/model to explore PD mechanism,"Proteinopathy, Methods"
PINK1 deficiency rewires early immune responses in a mouse model of Parkinson’s disease triggered by intestinal infection,Elucidating known PD pathways,Inflammation & Immune Regulation
Genome-wide CRISPR screen identifies neddylation as a regulator of neuronal aging and AD neurodegeneration.,New target/circuit for PD,PD Risk Factors
Parkinsonism Sac domain mutation in Synaptojanin-1 affects ciliary properties in iPSC-derived dopaminergic neurons,Elucidating known PD pathways,"Clearance, Cellular Subtyping"
Autophagy preferentially degrades non-fibrillar polyQ aggregates.,Foundational Biology,"Clearance, PD Risk Factors"
Excessive firing of dyskinesia-associated striatal direct pathway neurons is gated by dopamine and excitatory synaptic input,Elucidating known PD pathways,Circuitry & Neuromodulation
Mitochondrial oxidant stress promotes α-synuclein aggregation and spreading in mice with mutated glucocerebrosidase,Elucidating known PD pathways,"Proteinopathy, Clearance"
Loss of the lysosomal lipid flippase ATP10B leads to progressive dopaminergic neurodegeneration and Parkinsonian motor deficits,Elucidating known PD pathways,"Clearance, Circuitry & Neuromodulation"
Dissociation of novel open loop from ventral putamen to motor areas from classic closed loop in humans II: task-based function,Elucidating known PD pathways,"Methods, Circuitry & Neuromodulation"
Microendoscopic calcium imaging in motor cortices of macaques during rest and movement,Foundational Biology,Circuitry & Neuromodulation
Transcriptional pathobiology and multi-omics predictors for Parkinson’s disease,New method/model to explore PD mechanism,"Methods, Omics"
SynBot is an open-source image analysis software for automated quantification of synapses,New method/model to explore PD mechanism,"Methods, Circuitry & Neuromodulation"
α-Synuclein overexpression and the microbiome shape the gut and brain metabolome in mice,Elucidating known PD pathways,"Proteinopathy, Gut & Microbiome"
"The diversity of SNCA transcripts in neurons, and its impact on antisense oligonucleotide therapeutics",Elucidating known PD pathways,"Proteinopathy, Omics"
Enhanced beta power emerges from simulated parkinsonian primary motor cortex,Foundational Biology,"Circuitry & Neuromodulation, Cellular Subtyping"
Lysosome damage triggers acute formation of ER to lysosomes membrane tethers mediated by the bridge-like lipid transport protein VPS13C,Elucidating known PD pathways,Clearance
Isolation and Lipidomic Profiling of Neuronal Lipid Droplets: Unveiling the Lipid Landscape for insights into Neurodegenerative Disorders,New method/model to explore PD mechanism,"Clearance, PD Risk Factors"
Mouse α-synuclein fibrils are structurally and functionally distinct from human fibrils associated with Lewy body diseases,Elucidating known PD pathways,Proteinopathy
An axonal brake on striatal dopamine output by cholinergic interneurons,Elucidating known PD pathways,Circuitry & Neuromodulation
Rapid modulation of striatal cholinergic interneurons and dopamine release by satellite astrocytes,Foundational Biology,Circuitry & Neuromodulation
"Targeted micro-fiber arrays for measuring and manipulating localized multi-scale neural dynamics over large, deep brain volumes during behavior",New method/model to explore PD mechanism,"Methods, Circuitry & Neuromodulation"
Mitochondrial damage triggers the concerted degradation of negative regulators of neuronal autophagy,Elucidating known PD pathways,Clearance
Refinement of efficient encodings of movement in the dorsolateral striatum throughout learning,Elucidating known PD pathways,Circuitry & Neuromodulation
Activity-Dependent Remodeling of Corticostriatal Axonal Boutons During Motor Learning,Elucidating known PD pathways,Circuitry & Neuromodulation
Molecular and spatial transcriptomic classification of midbrain dopamine neurons and their alterations in a LRRK2G2019S model of Parkinson’s disease,Elucidating known PD pathways,"Cellular Subtyping, Omics"
Endogenous LRRK2 and PINK1 function in a convergent neuroprotective ciliogenesis pathway in the brain,Elucidating known PD pathways,Clearance
Tonic dendritic GABA release by substantia nigra dopaminergic neurons,Elucidating known PD pathways,Circuitry & Neuromodulation
Genetic screening and metabolomics identify glial adenosine metabolism as a therapeutic target in Parkinson’s disease,New method/model to explore PD mechanism,Omics
"Elevated brain α-synuclein, phosphorylated-tau, and oxidative stress in mice that survived influenza A pneumonitis",Elucidating known PD pathways,Inflammation & Immune Regulation
3D imaging of neuronal inclusions and protein aggregates in human neurodegeneration by multiscale X-ray phase-contrast tomography,New method/model to explore PD mechanism,"Proteinopathy, Methods"
Chronic hyperactivation of midbrain dopamine neurons causes preferential dopamine neuron degeneration,Elucidating known PD pathways,Circuitry & Neuromodulation
Inhibition of Indirect Pathway Activity Causes Abnormal Decision-Making In a Mouse Model of Impulse Control Disorder in Parkinson’s Disease,Elucidating known PD pathways,"Methods, Circuitry & Neuromodulation"
Tagless LysoIP for immunoaffinity enrichment of native lysosomes from clinical samples,New method/model to explore PD mechanism,"Clearance, Methods"
Reward perseveration is shaped by GABAA-mediated dopamine pauses,New method/model to explore PD mechanism,Circuitry & Neuromodulation
Adult-Onset Deletion of ATP13A2 in Mice Induces Progressive Nigrostriatal Pathway Dopaminergic Degeneration and Lysosomal Abnormalities,Elucidating known PD pathways,"Methods, Circuitry & Neuromodulation"
"R1441C and G2019S LRRK2 knockin mice have distinct striatal molecular, physiological, and behavioral alterations",Elucidating known PD pathways,"Methods, Circuitry & Neuromodulation"
Comparison of Alternative pre-mRNA Splicing and Gene Expression Patterns in Midbrain Lineage Cells Carrying Familial Parkinson’s Disease Mutations,New method/model to explore PD mechanism,Methods
Comparative study of enriched dopaminergic neurons from siblings with Gaucher  disease discordant for parkinsonism,Elucidating known PD pathways,"Translational and Clinical Measures of Disease Biology, Methods"
A proteome-wide quantitative platform for nanoscale spatially resolved extraction of membrane proteins into native nanodiscs,New method/model to explore PD mechanism,Clearance
Proportion and distribution of neurotransmitter-defined cell types in the ventral tegmental area and substantia nigra pars compacta,Elucidating known PD pathways,Circuitry & Neuromodulation
Deep sequencing of proteotoxicity modifier genes uncovers a Presenilin-2/beta-amyloid-actin genetic risk module shared among alpha-synucleinopathies,Elucidating known PD pathways,"Methods, Proteinopathy"
LRRK2 G2019S mutation suppresses differentiation of Th9 and Treg cells via JAK/STAT3,Elucidating known PD pathways,Inflammation & Immune Regulation
Adoptive transfer of mitochondrial antigen-specific CD8+ T-cells in mice causes parkinsonism and compromises the dopamine system,New method/model to explore PD mechanism,Inflammation & Immune Regulation
GLP-1 receptor agonism ameliorates Parkinson’s disease through 1 modulation of neuronal insulin signalling and glial suppression,Elucidating known PD pathways,"Proteinopathy, Translational and Clinical Measures of Disease Biology"
Alpha-synuclein aggregates trigger anti-viral immune pathways and RNA editing in human astrocytes,Elucidating known PD pathways,"Proteinopathy, Inflammation & Immune Regulation"
Pathways controlling neurotoxicity and proteostasis in mitochondrial complex I deficiency.,Elucidating known PD pathways,Clearance
Comparative analysis of AAV serotypes for transduction of olfactory sensory neurons,New method/model to explore PD mechanism,Methods
Modeling gene-environment interactions in Parkinson's Disease: Helicobacter pylori infection of Pink1-/- mice induces CD8 T cell-dependent motor and cognitive dysfunction.,New method/model to explore PD mechanism,Inflammation & Immune Regulation
Large-scale visualisation of α-synuclein oligomers in Parkinson’s disease brain tissue,New method/model to explore PD mechanism,"Proteinopathy, Methods"
Nova-ST: Nano-Patterned Ultra-Dense platform for spatial transcriptomics,New method/model to explore PD mechanism,Omics
An open-source MRI compatible frame for multimodal presurgical mapping in macaque and capuchin monkey,New method/model to explore PD mechanism,Methods
Comparative analysis of methods to reduce activation signature gene expression in PBMCs,Foundational Biology,Inflammation & Immune Regulation
Disease progression strikingly differs in research and real-world Parkinson's populations,Foundational Biology,"PD Risk Factors, Methods"
iSCORE-PD: an isogenic stem cell collection to research Parkinson Disease,New method/model to explore PD mechanism,Methods
3D bioprinting of human neural tissues with functional connectivity,New method/model to explore PD mechanism,"Methods, Circuitry & Neuromodulation"
Open-Source Platform for Kinematic Analysis of Mouse Forelimb Movement,New method/model to explore PD mechanism,Methods
Polyglucosan body density in the aged mouse hippocampus is controlled by a novel modifier locus on chromosome 1,Foundational Biology,PD Risk Factors
Alpha-synuclein overexpression can drive microbiome dysbiosis in mice,Elucidating known PD pathways,"Gut & Microbiome, Proteinopathy"
Systemic inflammation triggers long-lasting neuroinflammation and accelerates neurodegeneration in a rat model of Parkinson's disease overexpressing human alpha-synuclein,Elucidating known PD pathways,"Inflammation & Immune Regulation, Proteinopathy"
Generation of knock-in Cre and FlpO mouse lines for precise targeting of striatal projection neurons and dopaminergic neurons,New method/model to explore PD mechanism,Circuitry & Neuromodulation
Loss of primary cilia and dopaminergic neuroprotection in pathogenic LRRK2-driven and idiopathic Parkinson’s disease,Elucidating known PD pathways,"Clearance, Methods"
Generation of the iPSC line FINi002-A from a male Parkinson's disease patient carrying compound heterozygous mutations in the PRKN gene,New method/model to explore PD mechanism,Methods
Dopamine neuron activity encodes the length of upcoming contralateral movement sequences,Elucidating known PD pathways,Circuitry & Neuromodulation
Generation of locus coeruleus norepinephrine neurons from human pluripotent stem cells,New method/model to explore PD mechanism,Methods
Mechanism of human PINK1 activation at the TOM complex in a reconstituted system,Elucidating known PD pathways,Clearance
Chemically induced senescence in human stem cell-derived neurons promotes phenotypic presentation of neurodegeneration,Foundational Biology,Methods
Synchronous Measurements of Extracellular Action Potentials and Neurochemical Activity with Carbon Fiber Electrodes in Nonhuman Primates,New method/model to explore PD mechanism,"Methods, Circuitry & Neuromodulation"
Mutations in GPNMB associated with Amyloid cutis dyschromica alter intracellular trafficking and processing of GPNMB,Elucidating known PD pathways,"Clearance, Translational and Clinical Measures of Disease Biology"
Lysosomal TBK1 responds to amino acid availability to relieve Rab7-dependent mTORC1 inhibition,Elucidating known PD pathways,Clearance
A STING-CASM-GABARAP Pathway Activates LRRK2 at Lysosomes,Elucidating known PD pathways,Clearance
VPS13B is localized at the cis-trans Golgi complex interface and is a functional partner of FAM177A1,Foundational Biology,Clearance
RASP: Optimal single fluorescent puncta detection in complex cellular backgrounds,New method/model to explore PD mechanism,"Proteinopathy, Methods"
Persistent Hyposmia as Surrogate for α-Synuclein-Linked Brain Pathology,Confirmatory results,PD Risk Factors
Neuropathological assessment of the olfactory bulb and tract in individuals with COVID-19,Foundational Biology,Inflammation & Immune Regulation
Dynamic behaviour restructuring mediates dopamine-dependent credit assignment,Foundational Biology,Circuitry & Neuromodulation
General Discovery,Foundational Biology,Clearance
α-Synuclein pathology disrupts mitochondrial function in dopaminergic and cholinergic neurons at-risk in Parkinson’s disease,Elucidating known PD pathways,Circuitry & Neuromodulation
Is Gauchian genotyping of GBA1 variants reliable?,Confirmatory results,Omics
Neural heterogeneity controls computations in spiking neural networks,Foundational Biology,Circuitry & Neuromodulation
PyRates—A code-generation tool for modeling dynamical systems in biology and beyond,Foundational Biology,Methods
Macroscopic dynamics of neural networks with heterogeneous spiking thresholds,Foundational Biology,Circuitry & Neuromodulation
The R1441C-LRRK2 mutation induces myeloid immune cell exhaustion in an age- and sex-dependent manner,Elucidating known PD pathways,Inflammation & Immune Regulation
"A leaky gut dysregulates gene networks in the brain associated with immune activation, oxidative stress, and myelination in a mouse model of colitis",Foundational Biology,"Inflammation & Immune Regulation, Gut & Microbiome"
Anionic nanoplastic contaminants promote Parkinson’s disease–associated α-synuclein aggregation,Elucidating known PD pathways,Proteinopathy
Peripheral MC1R Activation Modulates Immune Responses and is Neuroprotective in a Mouse Model of Parkinson's Disease,Confirmatory results,Inflammation & Immune Regulation
Gut mucosal cells transfer α-synuclein to the vagus nerve,New target/circuit for PD,"Gut & Microbiome, Proteinopathy"
A role for the subthalamic nucleus in aversive learning,Foundational Biology,Circuitry & Neuromodulation
Disrupted sleep-wake regulation in the MCI-Park mouse model of Parkinson's Disease,New method/model to explore PD mechanism,Circuitry & Neuromodulation
A fluid-walled microfluidic platform for human neuron microcircuits and directed axotomy,New method/model to explore PD mechanism,Methods
Dynamic basal ganglia output signals license and suppress forelimb movements,Elucidating known PD pathways,Circuitry & Neuromodulation
Unique functional responses differentially map onto genetic subtypes of dopamine neurons,Elucidating known PD pathways,Circuitry & Neuromodulation
NeuroBooster Array: A Genome-Wide Genotyping Platform to Study Neurological Disorders Across Diverse Populations,New method/model to explore PD mechanism,"Methods, Omics"
The non-coding GBA1 rs3115534 variant is associated with REM sleep behavior disorder in Nigerians,Elucidating known PD pathways,Omics
Proteome census upon nutrient stress reveals Golgiphagy membrane receptors,New target/circuit for PD,"Clearance, Methods"
Investigation of the genetic aetiology of Lewy body diseases with and without dementia,Elucidating known PD pathways,Omics
LRRK2 kinase inhibition reverses G2019S mutation-dependent effects on tau pathology spread,Elucidating known PD pathways,"Clearance, PD Risk Factors"
Reduction of a-synuclein aggregates by PIKfyve inhibition via TFEB-mediated lysosomal biogenesis in a Parkinson disease model,New target/circuit for PD,"Clearance, Proteinopathy"
Single-cell somatic copy number variants in brain using different amplification methods and reference genomes,New method/model to explore PD mechanism,Omics
Systems-level analyses dissociate genetic regulators of reactive oxygen species and energy production,Elucidating known PD pathways,Clearance
Reduced striatal M4-cholinergic signaling following dopamine loss contributes to parkinsonian and l-DOPA–induced dyskinetic behaviors,Elucidating known PD pathways,Circuitry & Neuromodulation
Adaptor protein-3 produces synaptic vesicles that release phasic dopamine,Elucidating known PD pathways,Circuitry & Neuromodulation
iATPSnFR2: A high-dynamic-range fluorescent sensor for monitoring intracellular ATP,New method/model to explore PD mechanism,Clearance
Phosphoglycerate kinase is a central leverage point in Parkinson’s disease–driven neuronal metabolic deficits,Elucidating known PD pathways,"Clearance, PD Risk Factors"
A topographical atlas of α-synuclein dosage and cell type-specific expression in adult mouse brain and peripheral organs,Elucidating known PD pathways,"Proteinopathy, Methods"
Structural pathway for PI3-kinase regulation by VPS15 in autophagy,Elucidating known PD pathways,Clearance
Control of mitophagy initiation and progression by the TBK1 adaptors NAP1 and SINTBAD,Elucidating known PD pathways,Clearance
α-synuclein promotes neuronal dysfunction and death by disrupting the binding of ankyrin to ß-spectrin,Elucidating known PD pathways,Proteinopathy
Circular RNA in the human brain are tailored to neuron identity and neuropsychiatric disease,New method/model to explore PD mechanism,Omics
Parkinson's genes orchestrate pyroptosis through selective trafficking of mtDNA to leaky lysosomes,Elucidating known PD pathways,Clearance
Detecting rhythmic spiking through the power spectra of point process model residuals,Foundational Biology,Circuitry & Neuromodulation
Genetic meta-analysis of levodopa induced dyskinesia in Parkinson’s disease,New target/circuit for PD,Omics
Vibrational Stabilization of Complex Network Systems,Foundational Biology,Circuitry & Neuromodulation
Adult-specific Reelin expression alters striatal neuronal organization: implications for neuropsychiatric disorders,Foundational Biology,"Circuitry & Neuromodulation, Proteinopathy"
A RAB7A Phosphoswitch Coordinates Rubicon Homology Protein Regulation of PINK1/Parkin-Dependent Mitophagy,Elucidating known PD pathways,Clearance
Functional characterization of ATP13A2 variants associated with distinct neurodegenerative disorders,Foundational Biology,Clearance
Feed-forward metabotropic signaling by Cav1 Ca2+ channels supports pacemaking in pedunculopontine cholinergic neurons,Foundational Biology,"Circuitry & Neuromodulation, Cellular Subtyping"
The SATB1-MIR22-GBA axis mediates glucocerebroside accumulation inducing a cellular senescence-like phenotype in dopaminergic neurons,Elucidating known PD pathways,"Clearance, PD Risk Factors"
Inhibition of striatal dopamine release by the L-type calcium channel inhibitor isradipine co-varies with risk factors for Parkinson's,Elucidating known PD pathways,Circuitry & Neuromodulation
Evaluation of an adapted semi-automated DNA extraction for human salivary shotgun metagenomics,New method/model to explore PD mechanism,"Gut & Microbiome, Methods"
Phenotypic effect of GBA1 variants in individuals with and without Parkinson disease: the RAPSODI study,Confirmatory results,"Translational and Clinical Measures of Disease Biology, Clearance"
α-Synuclein expression in response to bacterial ligands and metabolites in gut enteroendocrine cells – an in vitro proof of concept study,Elucidating known PD pathways,"Proteinopathy, Gut & Microbiome"
POLCAM: Instant molecular orientation microscopy for the life sciences,New method/model to explore PD mechanism,Methods
Localization of PPM1H phosphatase tunes Parkinson’s disease-linked LRRK2 kinase-mediated Rab GTPase phosphorylation and ciliogenesis,Elucidating known PD pathways,Clearance
Vibrational Stabilization of Cluster Synchronization in Oscillator Networks,Foundational Biology,Circuitry & Neuromodulation
Erythroid Differentiation Dependent Interaction of VPS13A with XK at the Plasma Membrane of K562 Cells,Foundational Biology,Clearance
Proteostasis and lysosomal quality control deficits in Alzheimer’s disease neurons,New method/model to explore PD mechanism,"Clearance, PD Risk Factors"
Non-ablative disease-modifying effects of magnetic resonance-guided focused ultrasound in neuromelanin-producing parkinsonian rodents,New method/model to explore PD mechanism,"Proteinopathy, Translational and Clinical Measures of Disease Biology"
Modelling human brain-wide pigmentation in rodents recapitulates age-related multisystem neurodegenerative deficits,New method/model to explore PD mechanism,"Methods, Proteinopathy"
Neuromelanin accumulation drives endogenous synucleinopathy in non-human primates,Elucidating known PD pathways,Proteinopathy
A mono- and intralink filter (mi-filter) to reduce false identifications in cross-linking mass spectrometry data,New method/model to explore PD mechanism,Methods
KAT8 compound inhibition inhibits the initial steps of PINK1-dependant mitophagy,New target/circuit for PD,"Clearance, Methods"
Reduced Thalamic Excitation to Motor Cortical Pyramidal Tract Neurons in Parkinsonism,Elucidating known PD pathways,Circuitry & Neuromodulation
Interaction of an α-synuclein epitope with HLA-DRB1*15:01 triggers enteric features in mice reminiscent of prodromal Parkinson’s disease,Elucidating known PD pathways,"Proteinopathy, Inflammation & Immune Regulation"
RAB3 phosphorylation by pathogenic LRRK2 impairs trafficking of synaptic vesicle precursors,Elucidating known PD pathways,Clearance
Generation of human-induced pluripotent-stem-cell-derived cortical neurons for high-throughput imaging of neurite morphology and neuron maturation,New method/model to explore PD mechanism,Methods
CURTAIN—A unique web-based tool for exploration and sharing of MS-based proteomics data,New method/model to explore PD mechanism,"Clearance, Methods"
"Three-step docking by WIPI2, ATG16L1 and ATG3 delivers LC3 to the phagophore",Elucidating known PD pathways,Clearance
Synaptotagmin-1-dependent phasic axonal dopamine release is dispensable for basic motor behaviors in mice,Elucidating known PD pathways,Circuitry & Neuromodulation
The longitudinal progression of autonomic dysfunction in Parkinson's disease: a 7-year study,New method/model to explore PD mechanism,PD Risk Factors
Detecting Full-Length EccDNA with FLED and long-reads sequencing,Foundational Biology,Omics
Synapsin E-domain is essential for α-synuclein function,Elucidating known PD pathways,Proteinopathy
PARK15/FBXO7 is dispensable for PINK1/Parkin mitophagy in iNeurons and HeLa cell systems,Disprove target for PD,Clearance
LRRK2 regulates the activation of the unfolded protein response and antigen presentation in macrophages during inflammation,Elucidating known PD pathways,Inflammation & Immune Regulation
Dopamine transporter and synaptic vesicle sorting defects underlie auxilin-associated Parkinson's disease,New method/model to explore PD mechanism,Clearance
Structure and activation of the human autophagy-initiating ULK1C:PI3KC3-C1 supercomplex,Elucidating known PD pathways,Methods
The lipid flippase ATP10B enables cellular lipid uptake under stress conditions,Elucidating known PD pathways,Clearance
Parkinson's VPS35[D620N] mutation induces LRRK2-mediated lysosomal association of RILPL1 and TMEM55B,Elucidating known PD pathways,Clearance
Protein aggregation and calcium dysregulation are hallmarks of familial Parkinson’s disease in midbrain dopaminergic neurons,New method/model to explore PD mechanism,Proteinopathy
"The calcium sensor synaptotagmin-1 is critical for phasic axonal dopamine release in the striatum and mesencephalon, but is dispensable for basic motor behaviors in mice",Elucidating known PD pathways,Circuitry & Neuromodulation
Astrocytic LRRK2 Controls Synaptic Connectivity through ERM Phosphorylation,Elucidating known PD pathways,"Clearance, Inflammation & Immune Regulation"
Simulations predict differing phase responses to excitation vs. inhibition intheta-resonant pyramidal neurons,Foundational Biology,Circuitry & Neuromodulation
LRRK2 suppresses lysosome degradative activity in macrophages and microglia through MiT-TFE transcription factor inhibition,Elucidating known PD pathways,Clearance
Mitoguardin-2–mediated lipid transfer preserves mitochondrial morphology and lipid droplet formation,Foundational Biology,Clearance
TNF-NF-κB-p53 axis restricts in vivo survival of hPSC-derived dopamine neurons,Foundational Biology,Methods
"Rapid iPSC inclusionopathy models shed light on formation, consequence, and molecular subtype of α-synuclein inclusions",New method/model to explore PD mechanism,Methods
The Parkinson’s disease protein alpha-synuclein is a modulator of processing bodies and mRNA stability,Elucidating known PD pathways,Proteinopathy
Nicotine-Mediated Rescue of α-Synuclein Toxicity Requires Synaptic Vesicle Glycoprotein 2 in Drosophila,Elucidating known PD pathways,Methods
α-Synuclein Promotes Neuronal Dysfunction and Death by Disrupting the Binding of Ankyrin to β-Spectrin,Elucidating known PD pathways,Proteinopathy
Parkinson's Progression Markers Initiative: A Milestone-Based Strategy to Monitor PD Progression,New method/model to explore PD mechanism,Translational and Clinical Measures of Disease Biology
Post-fibrillization nitration of alpha-synuclein abolishes its seeding activity and pathology formation in primary neurons and in vivo,Disprove target for PD,Proteinopathy
Spatial transcriptomics reveals molecular dysfunction associated with Lewy pathology,Elucidating known PD pathways,"Omics, Proteinopathy"
ATP13A2-mediated endo-lysosomal polyamine export counters mitochondrial oxidative stress,Elucidating known PD pathways,Clearance
The annotation of GBA1 has been concealed by its protein-coding pseudogene GBAP1,Elucidating known PD pathways,Omics 
Border-associated macrophages mediate the neuroinflammatory response in an alpha-synuclein model of Parkinson disease,Elucidating known PD pathways,Inflammation & Immune Regulation
Conserved and cell type-specific transcriptional responses to IFN-γ in the ventral midbrain,Foundational Biology,Inflammation & Immune Regulation
Unaltered T cell responses to common antigens in individuals with Parkinson’s disease,Disprove target for PD,Inflammation & Immune Regulation
Genetic and pharmacological reduction of CDK14 mitigates synucleinopathy,Elucidating known PD pathways,Proteinopathy
"Constitutive nuclear accumulation of endogenous alpha-synuclein in mice causes motor impairment and cortical dysfunction, independent of protein aggregation",Elucidating known PD pathways,"Methods, Proteinopathy"
Quantitative mapping of autophagic cargo during nutrient stress reveals YIPF3-YIPF4 as membrane receptors for Golgiphagy,New target/circuit for PD,"Clearance, Omics"
Spatial snapshots of amyloid precursor protein intramembrane processing via early endosome proteomics,Elucidating known PD pathways,Clearance
Population fraction of Parkinson’s disease attributable to preventable risk factors,New method/model to explore PD mechanism,PD Risk Factors
Structural and functional landscape of α-synuclein fibril conformations amplified from cerebrospinal fluid,Elucidating known PD pathways,Proteinopathy
Basal ganglia neurons in healthy and parkinsonian primates generate recurring sequences of spikes,Elucidating known PD pathways,Circuitry & Neuromodulation
Metagenomics of Parkinson’s disease implicates the gut microbiome in multiple disease mechanisms,New target/circuit for PD,Gut & Microbiome
Genome-wide association identified novel etiological insights associated with Parkinson's disease in African and African admixed populations,Elucidating known PD pathways,Omics
Sex-Specific Microglial Responses to Glucocerebrosidase Inhibition: Relevance to GBA1-Linked Parkinson’s Disease,Elucidating known PD pathways,Clearance
Early deficits in an in vitro striatal microcircuit model carrying the Parkinson’s GBA-N370S mutation,New method/model to explore PD mechanism,Circuitry & Neuromodulation
"Single-cell spatial transcriptomic and translatomic profiling of dopaminergic neurons in health, aging, and disease",New method/model to explore PD mechanism,"Omics, Cellular Subtyping"
"Scalable, flexible carbon fiber electrode thread arrays for three-dimensional probing of neurochemical activity in deep brain structures of rodents",New method/model to explore PD mechanism,"Methods, Circuitry & Neuromodulation"
Multi-ancestry genome-wide meta-analysis in Parkinson’s disease,New method/model to explore PD mechanism,Omics
Biomarkers of neurodegeneration and glial activation validated in Alzheimer’s disease assessed in longitudinal cerebrospinal fluid samples of Parkinson’s disease,Confirmatory results,Inflammation & Immune Regulation
High diagnostic performance of independent alpha-synuclein seed amplification assays for detection of early Parkinson’s disease,Confirmatory results,"Proteinopathy, Methods"
Dopamine transporter imaging predicts clinically‐defined α‐synucleinopathy in REM sleep behavior disorder,New method/model to explore PD mechanism,Translational and Clinical Measures of Disease Biology
Dystonia-Parkinsonism Gene Variants in Individuals with Parkinsonism and Brain Scans without Evidence for Dopaminergic Deficit (SWEDD),New target/circuit for PD,Omics
Updated Percentiles for the University of Pennsylvania Smell Identification Test in Adults 50 Years of Age and Older,New method/model to explore PD mechanism,PD Risk Factors
Urinary bis(monacylglycerol) phosphate (BMP) levels are higher in LRRK2 and GBA1 variant carriers but do not predict disease progression in PPMI cohorts,Elucidating known PD pathways,Clearance
Impact of the dopamine system on long-term cognitive impairment in Parkinson disease: an exploratory study,New method/model to explore PD mechanism,PD Risk Factors
DOPA pheomelanin is increased in nigral neuromelanin of Parkinson’s disease,Elucidating known PD pathways,PD Risk Factors
"Splicing accuracy varies across human introns, tissues and age",Foundational Biology,Methods
L1 retrotransposons drive human neuronal transcriptome complexity and functional diversification,New method/model to explore PD mechanism,Omics
LRRK2-G2019S Synergizes with Ageing and Low-Grade Inflammation to Promote Gut and Peripheral Immune Cell Activation that Precede Nigrostriatal Degeneration,Confirmatory results,"Inflammation & Immune Regulation, Translational and Clinical Measures of Disease Biology"
Regulation of mitophagy by the NSL complex underlies genetic risk for Parkinson’s disease at 16q11.2 and MAPT H1 loci,Elucidating known PD pathways,"Clearance, Omics"
Unconventional secretion of α-synuclein mediated by palmitoylated DNAJC5 oligomers,New target/circuit for PD,Proteinopathy
Assessment of heterogeneity and disease onset in the Parkinson’s Progression Markers Initiative (PPMI) cohort using the α-synuclein seed amplification assay: a cross-sectional study,Elucidating known PD pathways,Translational and Clinical Measures of Disease Biology
Genome-wide screen reveals Rab12 GTPase as a critical activator of Parkinson's disease-linked LRRK2 kinase,New target/circuit for PD,Clearance
Protein network analysis links the NSL complex to Parkinson’s disease via mitochondrial and nuclear biology,Elucidating known PD pathways,"Clearance, Omics"
The non-specific lethal complex regulates genes and pathways genetically linked to Parkinson’s disease,New method/model to explore PD mechanism,"Clearance, Methods"
An open-source head-fixation and implant-protection system for mice,New method/model to explore PD mechanism,Methods
Serine-129 phosphorylation of α-synuclein is an activity-dependent trigger for physiologic protein-protein interactions and synaptic function,Elucidating known PD pathways,Proteinopathy
Novel green fluorescent polyamines to analyze ATP13A2 and ATP13A3 activity in the mammalian polyamine transport system,New method/model to explore PD mechanism,Clearance
Temporal landscape of mitochondrial proteostasis governed by the UPRmt,New method/model to explore PD mechanism,Clearance
Proteomics analysis of autophagy cargos reveals distinct adaptations in PINK1 and LRRK2 models of Parkinson disease,Elucidating known PD pathways,Clearance
"Golgi-IP, a novel tool for multimodal analysis of Golgi molecular content",New method/model to explore PD mechanism,Clearance
"Regulatory imbalance between LRRK2 kinase, PPM1H phosphatase, and ARF6 GTPase disrupts the axonal transport of autophagosomes",Elucidating known PD pathways,Clearance
Unconventional Initiation of PINK1/Parkin Mitophagy by Optineurin,Elucidating known PD pathways,Clearance
Genome-wide Analysis of Motor Progression in Parkinson Disease,Elucidating known PD pathways,Omics
Detection of mosaic and population-level structural variants with Sniffles2,New method/model to explore PD mechanism,Omics
Sphingolipid changes in Parkinson L444P GBAmutation fibroblasts promote α-synuclein aggregation,Confirmatory results,"Proteinopathy, Omics"
Neuronal hyperactivity-induced oxidant stress promotes in vivo α-synuclein brain spreading,Confirmatory results,"Proteinopathy, Clearance"
Glucocerebrosidase is imported into mitochondria and preserves complex I integrity and energy metabolism,Elucidating known PD pathways,Clearance
LRRK2 kinase activity regulates GCase level and enzymatic activity differently depending on cell type in Parkinson’s disease,Elucidating known PD pathways,Clearance
The GBA variant E326K is associated with alpha-synuclein aggregation and lipid droplet accumulation in human cell lines,Elucidating known PD pathways,Clearance
In vivo reduction of age-dependent neuromelanin accumulation mitigates features of Parkinson’s disease,Elucidating known PD pathways,Proteinopathy
Membrane curvature sensing and stabilization by the autophagic LC3 lipidation machinery,Elucidating known PD pathways,Clearance
Motor learning selectively strengthens cortical and striatal synapses of motor engram neurons,Foundational Biology,Circuitry & Neuromodulation
Towards a phenome-wide view of Parkinson’s disease,Confirmatory results,"Inflammation & Immune Regulation, PD Risk Factors"
Melanocortin 1 Receptor Activation Protects Against Alpha-Synuclein Pathologies in Models of Parkinson’s Disease,New target/circuit for PD,Proteinopathy
Membrane remodeling properties of the Parkinson’s disease protein LRRK2,Elucidating known PD pathways,"Clearance, Methods"
Highly efficient generation of isogenic pluripotent stem cell models using prime editing,New method/model to explore PD mechanism,Methods
Sst+ GPi output neurons provide direct feedback to key nodes of the basal ganglia and drive behavioral flexibility,Foundational Biology,Circuitry & Neuromodulation
Rab29-dependent asymmetrical activation of leucine-rich repeat kinase 2,Elucidating known PD pathways,"Clearance, Methods"
Structural basis for the specificity of PPM1H phosphatase for Rab GTPases,New target/circuit for PD,"Clearance, Methods"
Global ubiquitylation analysis of mitochondria in primary neurons identifies endogenous Parkin targets following activation of PINK,Elucidating known PD pathways,Clearance
Impact of 100 LRRK2 variants linked to Parkinson's Disease on kinase activity and microtubule binding,Elucidating known PD pathways,Clearance
Pathogenic LRRK2 control of primary cilia and Hedgehog signaling in neurons and astrocytes of mouse brain,Elucidating known PD pathways,Clearance
A feed-forward pathway drives LRRK2 kinase membrane recruitment and activation,Elucidating known PD pathways,Clearance
"PKC isoforms activate LRRK1 kinase by phosphorylating conserved residues (Ser1064, Ser1074 and Thr1075) within the CORB GTPase domain",Foundational Biology,Clearance
Disruption of lysosomal proteolysis in astrocytes facilitates midbrain proteostasis failure in an early-onset PD model,Elucidating known PD pathways,"Clearance,PD Risk Factors"
Structural basis for ATG9A recruitment to the ULK1 complex in mitophagy initiation,Elucidating known PD pathways,Clearance
Deficiency of the frontotemporal dementia gene GRN results in gangliosidosis.,Foundational Biology,Clearance
Genome-wide determinants of mortality and motor progression in Parkinson’s disease,New target/circuit for PD,"Omics, PD Risk Factors"
ggtranscript: an R package for the visualization and interpretation of transcript isoforms using ggplot2,New method/model to explore PD mechanism,Methods
Combining biomarkers for prognostic modelling of Parkinson’s disease,Confirmatory results,PD Risk Factors
Integrating protein networks and machine learning for disease stratification in the Hereditary Spastic Paraplegias,New method/model to explore PD mechanism,Methods
A Markov random field model-based approach for differentially expressed gene detection from single-cell RNA-seq data,New method/model to explore PD mechanism,Methods
A prebiotic diet modulates microglial states and motor deficits in α-synuclein overexpressing mice,Elucidating known PD pathways,"Gut & Microbiome, Imflammation & Immune Regulation"
Structural conversion of α-synuclein at the mitochondria induces neuronal toxicity,Elucidating known PD pathways,"Proteinopathy, Clearance"
Integrated multi-cohort analysis of the Parkinson's disease gut metagenome,New target/circuit for PD,Gut & Microbiome
Quantitative proteomics reveals the selectivity of ubiquitin-binding autophagy receptors in the turnover of damaged lysosomes by lysophagy,Elucidating known PD pathways,Clearance
In situ architecture of neuronal α-Synuclein inclusions,Elucidating known PD pathways,Proteinopathy
The extracellular chaperone Clusterin enhances Tau aggregate seeding in a cellular model,Elucidating known PD pathways,Proteinopathy
The Hsc70 disaggregation machinery removes monomer units directly from α-synuclein fibril ends,Elucidating known PD pathways,Proteinopathy
Structural and biochemical insights into lipid transport by VPS13 proteins,Foundational Biology,"Clearance, Methods"
In situ architecture of the lipid transport protein VPS13C at ER–lysosome membrane contacts,Elucidating known PD pathways,"Clearance, Methods"
Reconstitution of cargo-induced LC3 lipidation in mammalian selective autophagy,Elucidating known PD pathways,Clearance
ALS and FTD-associated missense mutations in TBK1 differentially disrupt mitophagy,Elucidating known PD pathways,Clearance
Structural basis for membrane recruitment of ATG16L1 by WIPI2 in Autophagy,Elucidating known PD pathways,Clearance
Therapeutic deep brain stimulation disrupts movement-related subthalamic nucleus activity in Parkinsonian mice,Elucidating known PD pathways,Circuitry & Neuromodulation
Loss of tau expression attenuates neurodegeneration associated with α-synucleinopathy,Elucidating known PD pathways,Proteinopathy
Damaged mitochondria recruit the effector NEMO to activate NF-κB signaling,Elucidating known PD pathways,Clearance
Single-cell transcriptomic and proteomic analysis of Parkinson’s disease Brains,New method/model to explore PD mechanism,"Inflammation & Immune Regulation,Methods"
Large-scale biophysically detailed model of somatosensory thalamocortical circuits in NetPyNE,New method/model to explore PD mechanism,Circuitry & Neuromodulation
Synaptic Location Is a Determinant of the Detrimental Effects of α-Synuclein Pathology to Glutamatergic Transmission in the Basolateral Amygdala,Elucidating known PD pathways,"Proteinopathy, Circuitry & Neuromodulation"
"Multiscale model of primary motor cortex circuits predicts in vivo cell type-specific, behavioral state-dependent dynamics",New method/model to explore PD mechanism,Circuitry & Neuromodulation
The AAA+ chaperone VCP disaggregates Tau fibrils and generates aggregate seeds in a cellular system,Elucidating known PD pathways,Proteinopathy
Association between the LRP1B and APOE loci and the development of Parkinson’s disease dementia,New target/circuit for PD,"PD Risk Factors, Methods"
Local genetic correlations exist among neurodegenerative and neuropsychiatric diseases,New method/model to explore PD mechanism,"PD Risk Factors, Methods"
Early Endosome Capture Proteomics and its Application to Amyloid Precursor Protein Intramembrane Processing by β and γ-Secretases,New method/model to explore PD mechanism,Clearance
In situ structural analysis reveals membrane shape transitions during autophagosome formation,Elucidating known PD pathways,Clearance
Mutations in Parkinsonism-linked endocytic proteins synaptojanin1 and auxilin have synergistic effects on dopaminergic axonal pathology,Elucidating known PD pathways,"Clearance, Methods"
Kufor-Rakeb Syndrome-Associated Psychosis: A Novel Loss-of-Function ATP13A2 Variant and Response to Treatment,Foundational Biology,Translational and Clinical Measures of Disease Biology
Adeno-associated viral vectors for functional intravenous gene transfer throughout the non-human primate brain,Foundational Biology,Methods
SHIP164 is a chorein motif lipid transfer protein that controls endosome-Golgi membrane traffic,Elucidating known PD pathways,Clearance
Subcellular and regional localization of mRNA translation in midbrain dopamine neurons,Elucidating known PD pathways,"Omics, Circuitry & Neuromodulation"
Parkinson’s disease and cancer: a systematic review and meta-analysis of over 17 million participants,Confirmatory results,Inflammation & Immune Regulation
Evaluation Of The Rims2 Locus As A Risk Locus For Parkinson’s Disease Dementia,Disprove target for PD,"PD Risk Factors, Cellular Subtyping"
Subcellular proteomics of dopamine neurons in the mouse brain,New method/model to explore PD mechanism,"Omics, Circuitry & Neuromodulation"
Hydrop enables droplet-based single-cell ATAC-seq and single-cell RNA-seq using dissolvable hydrogel beads,New method/model to explore PD mechanism,"Omics, Methods"
Transcriptional analysis of peripheral memory T cells reveals Parkinson’s disease-specific gene signatures,Elucidating known PD pathways,Inflammation & Immune Regulation
Peripheral neuronal activation shapes the microbiome and alters gut physiology,New method/model to explore PD mechanism,"Gut & Microbiome, Circuitry & Neuromodulation"
powerEQTL: An R package and shiny application for sample size and power calculation of bulk tissue and single-cell eQTL analysis,Foundational Biology,Omics
"ATP13A2 Regulates Cellular α-Synuclein Multimerization, Membrane Association, and Externalization",Elucidating known PD pathways,"Clearance, Proteinopathy"
ER-lysosome lipid transfer protein VPS13C/PARK23 prevents aberrant mtDNA-dependent STING signaling,Elucidating known PD pathways,Clearance
VPS13D bridges the ER to mitochondria and peroxisomes via Miro,Elucidating known PD pathways,Clearance
Presynaptic autophagy is coupled to the synaptic vesicle cycle via ATG-9,Foundational Biology,Clearance
Oncogenic BRAF V600E induces glial proliferation through ERK and neuronal death through JNK,New target/circuit for PD,Inflammation & Immune Regulation
Multi-modality machine learning predicting Parkinson’s disease,New method/model to explore PD mechanism,Omics
Cell-type-directed design of synthetic enhancers,Foundational Biology,Omics
Behavioral screening defines three molecular Parkinsonism subgroups in Drosophila,New method/model to explore PD mechanism,Omics
"Parkinson’s disease modeling in regenerative spiny mice (Acomys dimidiatus) captures key disease-relevant behavioral, histological, and molecular signatures",New method/model to explore PD mechanism,Methods
Aberrant striatal firing mediates impulsive decision-making in a mouse model of Parkinson's disease,Elucidating known PD pathways,Circuitry & Neuromodulation
State-dependent modulation of spiny projection neurons controls levodopa-induced dyskinesia in a mouse model of Parkinson’s disease,Elucidating known PD pathways,Circuitry & Neuromodulation
AAV tools enable functional modulation and readout of central and peripheral nervous systems in spiny mice,New method/model to explore PD mechanism,"Methods, Circuitry & Neuromodulation"
Alternate Splicing Directs PMCA2 to Lysosomes and is Linked to Neurodegeneration,Elucidating known PD pathways,Clearance
"Adenosine in the brain: recent progress on detection, function and translation",Elucidating known PD pathways,Circuitry & Neuromodulation
Parkinson’s Disease-vulnerable and -resilient dopamine neurons display opposite responses to excitatory input,New target/circuit for PD,Circuitry & Neuromodulation
LRRK2 mediates haloperidol-induced changes in indirect pathway striatal projection neurons,Elucidating known PD pathways,Circuitry & Neuromodulation
Leucine-rich repeat kinase 2 impairs the release sites of Parkinson’s disease vulnerable dopamine axons,Elucidating known PD pathways,Circuitry & Neuromodulation
New insights into axonal regulators of dopamine transmission in health and disease,Foundational Biology,Circuitry & Neuromodulation
PyRates—A code-generation tool for modeling dynamical systems in biology and beyond | PLOS Computational Biology,Foundational Biology,Methods
α-Synuclein pathology disrupts mitochondrial function in dopaminergic and cholinergic neurons at-risk in Parkinson’s disease | bioRxiv,Elucidating known PD pathways,Circuitry & Neuromodulation
GABAergic regulation of striatal spiny projection neurons depends upon their activity state,Foundational Biology,Circuitry & Neuromodulation
Integrated Representations of Threat and Control in the Lateral Frontal Pole,Foundational Biology,Circuitry & Neuromodulation
Aberrant striatal firing mediates impulsive decision-making in a mouse model of Parkinson’s disease,Elucidating known PD pathways,Circuitry & Neuromodulation
Remodelling of corticostriatal axonal boutons during motor learning,Foundational Biology,Circuitry & Neuromodulation
Micro-invasive probes for monitoring electrical and chemical neural activity in nonhuman primates,New method/model to explore PD mechanism,Methods
3D Bioprinting of Human Neural Tissues with Functional Connectivity | bioRxiv,New method/model to explore PD mechanism,"Methods, Circuitry & Neuromodulation"
"Introducing PIGMO, a novel PIGmented MOuse model of Parkinson’s disease",New method/model to explore PD mechanism,Methods
A neurocomputational view of the effects of Parkinson’s disease on speech production,Elucidating known PD pathways,Circuitry & Neuromodulation
LRRK2-mutant microglia and neuromelanin synergize to drive dopaminergic neurodegeneration in an iPSC-based Parkinson’s disease model,Elucidating known PD pathways,Cellular Subtyping
Longitudinal neuromelanin changes in prodromal and early Parkinson’s disease in humans and rat model,Elucidating known PD pathways,"Translational and Clinical Measures of Disease Biology, PD Risk Factors"
M4-mediated cholinergic transmission is reduced in parkinsonian mice and its restoration alleviates motor deficits and levodopa-induced dyskinesia,Elucidating known PD pathways,Circuitry & Neuromodulation
Adaptor protein-3 produces synaptic vesicles that release phasic dopamine | PNAS,Elucidating known PD pathways,Circuitry & Neuromodulation
Inhibition of striatal dopamine release by the L-type calcium channel inhibitor isradipine co-varies with risk factors for Parkinson’s,Elucidating known PD pathways,Circuitry & Neuromodulation
SynBot: An open-source image analysis software for automated quantification of synapses,New method/model to explore PD mechanism,"Methods, Circuitry & Neuromodulation"
Extracellular space diffusion modelling identifies distinct functional advantages of archetypical glutamatergic and GABAergic synapse geometries,Foundational Biology,Circuitry & Neuromodulation
Neuromodulator control of energy reserves in dopaminergic neurons.,Elucidating known PD pathways,Circuitry & Neuromodulation
"Single-cell multiomics identifies both shared and unique features of immune dysfunction in the colon, plasma and stool from individuals diagnosed with Parkinson’s disease or inflammatory bowel disease",Foundational Biology,"Gut & Microbiome, Inflammation & Immune Regulation"
Modulation of neural cell state by PARK2 and dopaminergic neuroprotection via small molecule Parkin agonism,Elucidating known PD pathways,Translational and Clinical Measures of Disease Biology
"The Gut Microbiome, Systemic Inflammation, and Autoimmunity in Parkinson’s Disease",New target/circuit for PD,"Gut & Microbiome, Inflammation & Immune Regulation"
"Faecalibacterium prausnitzii, depleted in the Parkinson’s disease microbiome, improves motor deficits in α-synuclein overexpressing mice",Elucidating known PD pathways,"Gut & Microbiome, Imflammation & Immune Regulation"
Iron mishandling in the brain and periphery in Parkinson’s disease,Elucidating known PD pathways,Gut & Microbiome
Structural remodeling of the mitochondrial protein biogenesis machinery under proteostatic stress,Elucidating known PD pathways,Clearance
Protein network analysis links the NSL complex to Parkinson's disease and mitochondrial biology,Elucidating known PD pathways,Clearance
Targeting mitophagy in neurodegenerative diseases,Elucidating known PD pathways,Clearance
The mitochondrial unfolded protein response promotes human microglial senescence by enhancing SAM availability for polyamine synthesis,Foundational Biology,Clearance
Structural remodeling of the mitochondrial protein biogenesis machinery under proteostatic stress,Elucidating known PD pathways,Clearance
CHCHD2 mutant mice link mitochondrial deficits to PD pathophysiology,New method/model to explore PD mechanism,"Clearance, Proteinopathy"
PINK1 is a target of T cell responses in Parkinson's disease,Elucidating known PD pathways,Clearance
LRRK2-G2019S acts as a dominant interfering mutant in the context of iron overload,Elucidating known PD pathways,Clearance
"iNeurons are sweet, maybe too sweet? Exploring the impact of media composition on PINK1-dependent mitophagy",New method/model to explore PD mechanism,Clearance
Mitochondria in healthy spiny mice ear pinna fibroblasts resemble megamitochondria,Foundational Biology,Clearance
Matters arising: Forced Symmetry Artifacts in a Prohibitin Complex Structure,Foundational Biology,Clearance
Pathways controlling neurotoxicity and proteostasis in mitochondrial complex I deficiency | bioRxiv,Elucidating known PD pathways,Clearance
Lysosomal storage disease proteo/lipidomic profiling using nMOST links ferritinophagy with mitochondrial iron deficiencies in cells lacking NPC2,New method/model to explore PD mechanism,Clearance
Autophagy preferentially degrades non-fibrillar polyQ aggregates,Foundational Biology,"Clearance, PD Risk Factors"
KAT8 compound inhibition inhibits PINK1/Parkin-dependent mitophagy and initiates mitochondrial delivery to lysosomes | bioRxiv,New target/circuit for PD,Clearance
Mitochondrial damage triggers concerted degradation of negative regulators of neuronal autophagy,Elucidating known PD pathways,Clearance
AI-directed voxel extraction and volume EM identify intrusions as sites of mitochondrial contact,New method/model to explore PD mechanism,Clearance
Genetically Encoded and Modular SubCellular Organelle Probes (GEM-SCOPe) reveal lysosomal and mitochondrial dysfunction driven by PRKN knockout,New method/model to explore PD mechanism,Clearance
Systems-level analyses dissociate genetic regualtors of reactive oxygen species and energy production,Elucidating known PD pathways,Clearance
A STING-CASM-GABARAP Pathway Activates LRRK2 at Lysosomes | bioRxiv,Elucidating known PD pathways,Clearance
Lysosomal TBK1 Responds to Amino Acid Availability to Relieve Rab7-Dependent mTORC1 Inhibition | bioRxiv,Elucidating known PD pathways,Clearance
iATPSnFR2: a high dynamic range fluorescent sensor for monitoring intracellular ATP,New method/model to explore PD mechanism,Clearance
Mechanism of human PINK1 activation at the TOM complex in a reconstituted system | bioRxiv,Elucidating known PD pathways,Clearance
Lipid dynamics at membrane contact sites,Elucidating known PD pathways,Clearance
Leucine Rich Repeat Kinase 2: Pathways to Parkinson’s Disease,Elucidating known PD pathways,Clearance
Proteome Landscapes Decode Organelle Vulnerabilities in cortical and dopaminergic-like induced neurons Across Lysosomal Storage Disorders,Elucidating known PD pathways,Clearance
"Rapid LRRK2 Activation Induced by α-synuclein Preformed Fibrils Triggers Rab5 Phosphorylation and Dysregulates Endolysosomal Function, Gene Expression and Synaptic Activity in Neurons",Elucidating known PD pathways,Clearance
"LRRK2, lysosome damage, and Parkinson’s disease",Elucidating known PD pathways,Clearance
Derailed degradation: LRRK2-dependent exocytosis in Parkinson’s disease,Foundational Biology,Clearance
Whole proteome copy number dataset in primary mouse cortical neurons,New method/model to explore PD mechanism,Clearance
The Human Autophagy Core Complexes,Confirmatory results,Clearance
Leucine Rich Repeat Kinase 2: Pathways to Parkinson’s Disease,Elucidating known PD pathways,Clearance
Internalized SNCA/a-synuclein fibrils become truncated and resist degradation in neurons while glial cells rapidly degrade SNCA fibrils,Foundational Biology,"Proteinopathy, Clearance"
Lipid dynamics at membrane contact sites,Elucidating known PD pathways,Clearance
Structural biology of Parkinson’s disease-associated leucine-rich repeat kinase 2 (LRRK2),Foundational Biology,Clearance
Probing the proteome-wide interactomes of Leucine-rich Repeat Kinases 1 and 2 and elucidating perturbation-induced changes in their phosphorylation activity,Elucidating known PD pathways,Clearance
A new selection strategy to enrich dopaminergic neurons facil-itates comparisons between patient iPSC-derived lines,New method/model to explore PD mechanism,Clearance
Proteome Landscapes Decode Organelle Vulnerabilities in cortical and dopaminergic-like induced neurons Across Lysosomal Storage Disorders,Foundational Biology,Clearance
Impaired hematopoiesis and embryonic lethality at midgestation of mice lacking both lipid transfer proteins VPS13A and VPS13C,Foundational Biology,Clearance
Disruption of lysosomal proteolysis in astrocytes facilitates midbrain organoid proteostasis failure in an early-onset Parkinson’s disease model | Nature Communications,Elucidating known PD pathways,"Clearance, PD Risk Factors"
Type-II kinase inhibitors that target Parkinson’s Disease-associated LRRK2,New method/model to explore PD mechanism,Clearance
Reduction of a-synuclein aggregates by PIKfyve inhibition via TFEB-mediated lysosomal biogenesis in a Parkinson disease model | bioRxiv,Elucidating known PD pathways,"Clearance, Proteinopathy"
Phenotypic effect of GBA1 variants in individuals with and without Parkinson's disease: The RAPSODI study - PubMed (nih.gov),Confirmatory results,Clearance
Cryo-electron tomography reveals the microtubule-bound form of inactive LRRK2,Elucidating known PD pathways,Clearance
Endo-IP and Lyso-IP Toolkit for Endolysosomal Profiling of Human Induced Neurons,New method/model to explore PD mechanism,Clearance
Derailed Degradation: LRRK2-Dependent Exocytosis in Parkinson’s Disease  Or  LRRK2 Turns Lysosomal Traffic Inside Out,Foundational Biology,Clearance
BLTP3A is associated with membranes of the late endocytic pathway and is an effector of CASM,Foundational Biology,Clearance
VPS13B is localized at the cis-trans Golgi complex interface and is a functional partner of FAM177A1 | bioRxiv,Foundational Biology,Clearance
Tagless LysoIP method for molecular profiling of lysosomal content in clinical samples,New method/model to explore PD mechanism,Clearance
A novel alpha-synuclein G14R missense variant is associated with atypical neuropathological features,Elucidating known PD pathways,"Proteinopathy, Translational and Clinical Measures of Disease Biology"
A Novel α-Synuclein K58N Missense Variant in a Patient with Parkinson's Disease,Foundational Biology,"Proteinopathy, Translational and Clinical Measures of Disease Biology"
A novel alpha-synuclein G14R missense variant is associated with atypical neuropathological features,Elucidating known PD pathways,"Proteinopathy, Translational and Clinical Measures of Disease Biology"
Soluble and Insoluble Lysates from the Human A53T Mutant α-Synuclein Transgenic Mouse Model Induces α-Synucleinopathy Independent of Injection Site,Foundational Biology,Proteinopathy
A topographical atlas of αSyn dosage and cell-type expression in the mouse brain and periphery | bioRxiv,Elucidating known PD pathways,"Proteinopathy, Methods"
Protocol for CRISPR-based manipulation and visualization of endogenous α-synuclein in cultured mouse hippocampal neurons,New method/model to explore PD mechanism,Methods
Anionic nanoplastic contaminants promote Parkinson’s disease–associated α-synuclein aggregation | Science Advances,Elucidating known PD pathways,Proteinopathy
Hydrophobic tails enable diverse functions of the extracellular chaperone clusterin,Elucidating known PD pathways,Proteinopathy
Serine-129 phosphorylation of α-synuclein is an activity-dependent trigger for physiologic protein-protein interactions and synaptic function: Neuron (cell.com),Elucidating known PD pathways,Proteinopathy
"Introducing PIGMO, a novel PIGmented MOuse model of Parkinson’s disease",New method/model to explore PD mechanism,PD Risk Factors
Sex-dimorphic effects of neuromelanin buildup in rodent nigral dopamine neurons: implications for sex-biased vulnerability in Parkinson’s disease,New method/model to explore PD mechanism,PD Risk Factors
Longitudinal neuromelanin changes in prodromal and early Parkinson’s disease in humans and rat model,New method/model to explore PD mechanism,PD Risk Factors
Standardised TruAI Automated Quantification of Intracellular Neuromelanin Granules in Human Brain Tissue Sections,New method/model to explore PD mechanism,PD Risk Factors
Functional efficacy of the MAO-B inhibitor safinamide in murine substantia nigra pars compacta dopaminergic neurons in vitro: a comparative study with tranylcypromine,Elucidating known PD pathways,PD Risk Factors
Adeno-associated viral vectors for modeling Parkinson’s disease in non-human primates,New method/model to explore PD mechanism,PD Risk Factors
LRRK2-mutant microglia and neuromelanin synergize to drive dopaminergic neurodegeneration in an iPSC-based Parkinson’s disease model,Elucidating known PD pathways,PD Risk Factors
Re-activation of neurogenic 2 niches in aging brain,Elucidating known PD pathways,PD Risk Factors
Genome-wide determinants of mortality and clinical progression in Parkinson's disease - Summary statistics,New target/circuit for PD,"Omics, PD Risk Factors"
LRRK2 R1441C/G and M1646T dual carriers exhibit slower Parkinson’s disease motor decline,Elucidating known PD pathways,PD Risk Factors
MC1R loss-of-function is associated with accelerated motor progression in Parkinson’s disease,New target/circuit for PD,PD Risk Factors
Axonal and Synaptic Dysfunction Cause a Neurodegenerative Cascade,Elucidating known PD pathways,PD Risk Factors
Quantitative pathology and APOE genotype reveal dementia risk and progression in Lewy body disease,Elucidating known PD pathways,PD Risk Factors
Leucine-rich repeat kinase 2 impairs the release sites of Parkinson’s disease vulnerable dopamine axons,Foundational Biology,PD Risk Factors
TDP-43 loss of function drives aberrant splicing in Parkinson’s disease,New target/circuit for PD,PD Risk Factors
Comparative study of enriched dopaminergic neurons from siblings with Gaucher disease discordant for parkinsonism,Elucidating known PD pathways,PD Risk Factors
Genome-wide CRISPR screen identifies neddylation as a regulator of neuronal aging and AD neurodegeneration,New target/circuit for PD,PD Risk Factors
SARS-CoV-2 infection causes dopaminergic neuron senescence: Cell Stem Cell,New target/circuit for PD,PD Risk Factors
Disease progression strikingly differs in research and real-world Parkinson’s populations,Foundational Biology,PD Risk Factors
α-Synuclein driven cell susceptibility in Parkinson’s disease,Elucidating known PD pathways,PD Risk Factors
Standardised TruAI automated quantification of intracellular neuromelanin granules in human brain tissue sections,New method/model to explore PD mechanism,PD Risk Factors
Genome-wide determinants of mortality and clinical progression in Parkinson’s disease,New target/circuit for PD,"Omics, PD Risk Factors"
Review of multi-omics data resources and integrative analysis for human brain disorders,New method/model to explore PD mechanism,Omics
Drug Repurposing for Parkinson’s Disease: A Large-Scale Multi-Cohort Study,Foundational Biology,PD Risk Factors
LINE-1 retrotransposons drive human neuronal transcriptome complexity and functional diversification | Science Advances,New method/model to explore PD mechanism,Omics
Investigation of the genetic aetiology of Lewy body diseases with and without dementia | medRxiv,Elucidating known PD pathways,Omics
Ancestry-specific peripheral immune gene-expression mediates the risk of neurodegenerative disease,Elucidating known PD pathways,Omics
Novel human pluripotent stem cell-derived hypothalamus organoids demonstrate cellular diversity,Foundational Biology,Methods
A Comparative Biochemical and Pathological Evaluation of Brain Samples from Knock-In Murine Models of Gaucher Disease,Foundational Biology,Methods
Single-nucleus multiomic profiling of the aging mouse substantia nigra reveals conserved gene alterations linked to Parkinson’s disease,Foundational Biology,Methods
MAPL orchestrates gasdermin-mediated release of mtDNA from lysosomes that drives pyroptotic cell death,Elucidating known PD pathways,Inflammation & Immune Regulation
"Amyloid-beta, alpha-synuclein and tau aggregated co-pathologies enhance neuropathology and neuroinflammation",Elucidating known PD pathways,"Inflammation & Immune Regulation, Methods"
"Clinical features, genetics and pathology in a large series of movement disorder cases: a retrospective multi-ancestry brain bank cohort study",Foundational Biology,PD Risk Factors
Proteome Landscapes Decode Organelle Vulnerabilities in cortical and dopaminergic-like induced neurons Across Lysosomal Storage Disorders ,Foundational Biology,Clearance
Structural remodeling of the mitochondrial protein biogenesis machinery under proteostatic stress,Elucidating known PD pathways,Clearance
Pheomelanin promotes dopaminergic neurodegeneration in Parkinson’s disease,Elucidating known PD pathways,"PD Risk Factors, Gut & Microbiome"
MAPL regulates gasdermin-mediated release of mtDNA from lysosomes to drive pyroptotic cell death,Elucidating known PD pathways,Clearance
Insights into the regulation of VPS13 family bridge-like lipid transfer proteins from the structure of VPS13C.,Elucidating known PD pathways,Clearance
Melanin pathway dysregulation in dopaminergic neurons and skin melanocytes in Parkinson’s disease at single-nucleus resolution,Elucidating known PD pathways,PD Risk Factors
CNTN2 autoimmunity links LRRK2-modulated immune responses in Parkinson’s disease,Elucidating known PD pathways,"Inflammation & Immune Regulation, PD Risk Factors"
SARS-CoV-2 infection causes dopaminergic neuron senescence.,New target/circuit for PD,"PD Risk Factors, Inflammation & Immune Regulation"
Spatial single-cell multiomics reveals peripheral immune dysfunction in Parkinson’s and inflammatory bowel disease,Foundational Biology,"Gut & Microbiome, Inflammation & Immune Regulation"
The mitochondrial unfolded protein response disrupts neuronal–glial communication and promotes senescence in human microglia.,Foundational Biology,"Inflammation & Immune Regulation, Clearance"
Severe GBA1 variants drive the GBA1-PD clinical phenotype: implications for counselling and clinical trials,Foundational Biology,Gut & Microbiome